[{"url": "PHP.YAHOO_util_Loader.html#property_accountedFor", "access": "", "host": "PHP.YAHOO_util_Loader", "type": "property", "name": "accountedFor"}, {"url": "PHP.YAHOO_util_Loader.html#method_accountFor", "access": "", "host": "PHP.YAHOO_util_Loader", "type": "method", "name": "accountFor"}, {"url": "PHP.YAHOO_util_Loader.html#method_addToCombo", "access": "", "host": "PHP.YAHOO_util_Loader", "type": "method", "name": "addToCombo"}, {"url": "PHP.YAHOO_util_Loader.html#property_allowRollups", "access": "", "host": "PHP.YAHOO_util_Loader", "type": "property", "name": "allowRollups"}, {"url": "PHP.YAHOO_util_Loader.html#property_base", "access": "", "host": "PHP.YAHOO_util_Loader", "type": "property", "name": "base"}, {"url": "PHP.YAHOO_util_Loader.html#property_baseOverrides", "access": "", "host": "PHP.YAHOO_util_Loader", "type": "property", "name": "baseOverrides"}, {"url": "PHP.YAHOO_util_Loader.html#property_cacheFound", "access": "", "host": "PHP.YAHOO_util_Loader", "type": "property", "name": "cacheFound"}, {"url": "PHP.YAHOO_util_Loader.html#method_canJSON", "access": "", "host": "PHP.YAHOO_util_Loader", "type": "method", "name": "canJSON"}, {"url": "PHP.YAHOO_util_Loader.html#method_checkThreshold", "access": "", "host": "PHP.YAHOO_util_Loader", "type": "method", "name": "checkThreshold"}, {"url": "PHP.YAHOO_util_Loader.html#method_clearComboLink", "access": "", "host": "PHP.YAHOO_util_Loader", "type": "method", "name": "clearComboLink"}, {"url": "PHP.YAHOO_util_Loader.html#property_combine", "access": "", "host": "PHP.YAHOO_util_Loader", "type": "property", "name": "combine"}, {"url": "PHP.YAHOO_util_Loader.html#property_comboBase", "access": "", "host": "PHP.YAHOO_util_Loader", "type": "property", "name": "comboBase"}, {"url": "PHP.YAHOO_util_Loader.html#method_css", "access": "", "host": "PHP.YAHOO_util_Loader", "type": "method", "name": "css"}, {"url": "PHP.YAHOO_util_Loader.html#property_cssComboLocation", "access": "", "host": "PHP.YAHOO_util_Loader", "type": "property", "name": "cssComboLocation"}, {"url": "PHP.YAHOO_util_Loader.html#method_css_data", "access": "", "host": "PHP.YAHOO_util_Loader", "type": "method", "name": "css_data"}, {"url": "PHP.YAHOO_util_Loader.html#method_css_embed", "access": "", "host": "PHP.YAHOO_util_Loader", "type": "method", "name": "css_embed"}, {"url": "PHP.YAHOO_util_Loader.html#method_css_json", "access": "", "host": "PHP.YAHOO_util_Loader", "type": "method", "name": "css_json"}, {"url": "PHP.YAHOO_util_Loader.html#method_css_raw", "access": "", "host": "PHP.YAHOO_util_Loader", "type": "method", "name": "css_raw"}, {"url": "PHP.YAHOO_util_Loader.html#method_data", "access": "", "host": "PHP.YAHOO_util_Loader", "type": "method", "name": "data"}, {"url": "PHP.YAHOO_util_Loader.html#property_delayCache", "access": "", "host": "PHP.YAHOO_util_Loader", "type": "property", "name": "delayCache"}, {"url": "PHP.YAHOO_util_Loader.html#property_dirty", "access": "", "host": "PHP.YAHOO_util_Loader", "type": "property", "name": "dirty"}, {"url": "PHP.YAHOO_util_Loader.html#method_embed", "access": "", "host": "PHP.YAHOO_util_Loader", "type": "method", "name": "embed"}, {"url": "PHP.YAHOO_util_Loader.html#property_filter", "access": "", "host": "PHP.YAHOO_util_Loader", "type": "property", "name": "filter"}, {"url": "PHP.YAHOO_util_Loader.html#property_filterList", "access": "", "host": "PHP.YAHOO_util_Loader", "type": "property", "name": "filterList"}, {"url": "PHP.YAHOO_util_Loader.html#property_filters", "access": "", "host": "PHP.YAHOO_util_Loader", "type": "property", "name": "filters"}, {"url": "PHP.YAHOO_util_Loader.html#method_formatSkin", "access": "", "host": "PHP.YAHOO_util_Loader", "type": "method", "name": "formatSkin"}, {"url": "PHP.YAHOO_util_Loader.html#property_fullCacheKey", "access": "", "host": "PHP.YAHOO_util_Loader", "type": "property", "name": "fullCacheKey"}, {"url": "PHP.YAHOO_util_Loader.html#method_getAllDependencies", "access": "", "host": "PHP.YAHOO_util_Loader", "type": "method", "name": "getAllDependencies"}, {"url": "PHP.YAHOO_util_Loader.html#method_getComboLink", "access": "", "host": "PHP.YAHOO_util_Loader", "type": "method", "name": "getComboLink"}, {"url": "PHP.YAHOO_util_Loader.html#method_getContent", "access": "", "host": "PHP.YAHOO_util_Loader", "type": "method", "name": "getContent"}, {"url": "PHP.YAHOO_util_Loader.html#method_getLink", "access": "", "host": "PHP.YAHOO_util_Loader", "type": "method", "name": "getLink"}, {"url": "PHP.YAHOO_util_Loader.html#method_getLoadedModules", "access": "", "host": "PHP.YAHOO_util_Loader", "type": "method", "name": "getLoadedModules"}, {"url": "PHP.YAHOO_util_Loader.html#method_getLoadedModulesAsJSON", "access": "", "host": "PHP.YAHOO_util_Loader", "type": "method", "name": "getLoadedModulesAsJSON"}, {"url": "PHP.YAHOO_util_Loader.html#method_getProvides", "access": "", "host": "PHP.YAHOO_util_Loader", "type": "method", "name": "getProvides"}, {"url": "PHP.YAHOO_util_Loader.html#method_getRaw", "access": "", "host": "PHP.YAHOO_util_Loader", "type": "method", "name": "getRaw"}, {"url": "PHP.YAHOO_util_Loader.html#method_getRemoteContent", "access": "", "host": "PHP.YAHOO_util_Loader", "type": "method", "name": "getRemoteContent"}, {"url": "PHP.YAHOO_util_Loader.html#method_getSuperceded", "access": "", "host": "PHP.YAHOO_util_Loader", "type": "method", "name": "getSuperceded"}, {"url": "PHP.YAHOO_util_Loader.html#method_getUrl", "access": "", "host": "PHP.YAHOO_util_Loader", "type": "method", "name": "getUrl"}, {"url": "PHP.YAHOO_util_Loader.html#method_hasProcessedModuleType", "access": "", "host": "PHP.YAHOO_util_Loader", "type": "method", "name": "hasProcessedModuleType"}, {"url": "PHP.YAHOO_util_Loader.html#property_jsComboLocation", "access": "", "host": "PHP.YAHOO_util_Loader", "type": "property", "name": "jsComboLocation"}, {"url": "PHP.YAHOO_util_Loader.html#method_json", "access": "", "host": "PHP.YAHOO_util_Loader", "type": "method", "name": "json"}, {"url": "PHP.YAHOO_util_Loader.html#method_listSatisfies", "access": "", "host": "PHP.YAHOO_util_Loader", "type": "method", "name": "listSatisfies"}, {"url": "PHP.YAHOO_util_Loader.html#method_load", "access": "", "host": "PHP.YAHOO_util_Loader", "type": "method", "name": "load"}, {"url": "PHP.YAHOO_util_Loader.html#property_loaded", "access": "", "host": "PHP.YAHOO_util_Loader", "type": "property", "name": "loaded"}, {"url": "PHP.YAHOO_util_Loader.html#property_loadOptional", "access": "", "host": "PHP.YAHOO_util_Loader", "type": "property", "name": "loadOptional"}, {"url": "PHP.YAHOO_util_Loader.html#method_loadSingle", "access": "", "host": "PHP.YAHOO_util_Loader", "type": "method", "name": "loadSingle"}, {"url": "PHP.YAHOO_util_Loader.html#method_log", "access": "", "host": "PHP.YAHOO_util_Loader", "type": "method", "name": "log"}, {"url": "PHP.YAHOO_util_Loader.html#property_modules", "access": "", "host": "PHP.YAHOO_util_Loader", "type": "property", "name": "modules"}, {"url": "PHP.YAHOO_util_Loader.html#method_overrideBase", "access": "", "host": "PHP.YAHOO_util_Loader", "type": "method", "name": "overrideBase"}, {"url": "PHP.YAHOO_util_Loader.html#method_parseSkin", "access": "", "host": "PHP.YAHOO_util_Loader", "type": "method", "name": "parseSkin"}, {"url": "PHP.YAHOO_util_Loader.html#method_processDependencies", "access": "", "host": "PHP.YAHOO_util_Loader", "type": "method", "name": "processDependencies"}, {"url": "PHP.YAHOO_util_Loader.html#property_processedModuleTypes", "access": "", "host": "PHP.YAHOO_util_Loader", "type": "property", "name": "processedModuleTypes"}, {"url": "PHP.YAHOO_util_Loader.html#method_prune", "access": "", "host": "PHP.YAHOO_util_Loader", "type": "method", "name": "prune"}, {"url": "PHP.YAHOO_util_Loader.html#method_raw", "access": "", "host": "PHP.YAHOO_util_Loader", "type": "method", "name": "raw"}, {"url": "PHP.YAHOO_util_Loader.html#property_requests", "access": "", "host": "PHP.YAHOO_util_Loader", "type": "property", "name": "requests"}, {"url": "PHP.YAHOO_util_Loader.html#property_rollupsToTop", "access": "", "host": "PHP.YAHOO_util_Loader", "type": "property", "name": "rollupsToTop"}, {"url": "PHP.YAHOO_util_Loader.html#method_script", "access": "", "host": "PHP.YAHOO_util_Loader", "type": "method", "name": "script"}, {"url": "PHP.YAHOO_util_Loader.html#method_script_data", "access": "", "host": "PHP.YAHOO_util_Loader", "type": "method", "name": "script_data"}, {"url": "PHP.YAHOO_util_Loader.html#method_script_embed", "access": "", "host": "PHP.YAHOO_util_Loader", "type": "method", "name": "script_embed"}, {"url": "PHP.YAHOO_util_Loader.html#method_script_json", "access": "", "host": "PHP.YAHOO_util_Loader", "type": "method", "name": "script_json"}, {"url": "PHP.YAHOO_util_Loader.html#method_script_raw", "access": "", "host": "PHP.YAHOO_util_Loader", "type": "method", "name": "script_raw"}, {"url": "PHP.YAHOO_util_Loader.html#method_setLoaded", "access": "", "host": "PHP.YAHOO_util_Loader", "type": "method", "name": "setLoaded"}, {"url": "PHP.YAHOO_util_Loader.html#method_setProcessedModuleType", "access": "", "host": "PHP.YAHOO_util_Loader", "type": "method", "name": "setProcessedModuleType"}, {"url": "PHP.YAHOO_util_Loader.html#property_skins", "access": "", "host": "PHP.YAHOO_util_Loader", "type": "property", "name": "skins"}, {"url": "PHP.YAHOO_util_Loader.html#method_skinSetup", "access": "", "host": "PHP.YAHOO_util_Loader", "type": "method", "name": "skinSetup"}, {"url": "PHP.YAHOO_util_Loader.html#method_sortDependencies", "access": "", "host": "PHP.YAHOO_util_Loader", "type": "method", "name": "sortDependencies"}, {"url": "PHP.YAHOO_util_Loader.html#property_sorted", "access": "", "host": "PHP.YAHOO_util_Loader", "type": "property", "name": "sorted"}, {"url": "PHP.YAHOO_util_Loader.html#property_superceded", "access": "", "host": "PHP.YAHOO_util_Loader", "type": "property", "name": "superceded"}, {"url": "PHP.YAHOO_util_Loader.html#method_tags", "access": "", "host": "PHP.YAHOO_util_Loader", "type": "method", "name": "tags"}, {"url": "PHP.YAHOO_util_Loader.html#property_undefined", "access": "", "host": "PHP.YAHOO_util_Loader", "type": "property", "name": "undefined"}, {"url": "PHP.YAHOO_util_Loader.html#method_updateCache", "access": "", "host": "PHP.YAHOO_util_Loader", "type": "method", "name": "updateCache"}]